n,r2,rmse,mae,spearman,experiment,model,outcome,feature_set,fold,n_train,n_test,z_dim,train_edges,test_edges,n_outputs,holdout_country
852,0.5847287484615542,0.5299777757820766,0.409125109270345,0.7661910285495213,spatial_cv,xgb,dhs_wealth,ae_only,0.0,3414,852,,,,,
836,0.5865071569169549,0.49342206749165296,0.37439364284186727,0.7497902892573652,spatial_cv,xgb,dhs_wealth,ae_only,1.0,3430,836,,,,,
861,0.6497698640574503,0.48664903803951004,0.3783624561046319,0.8054677493071499,spatial_cv,xgb,dhs_wealth,ae_only,2.0,3405,861,,,,,
863,0.6400713110411249,0.49824595001236077,0.3857663008030979,0.7984444607248766,spatial_cv,xgb,dhs_wealth,ae_only,3.0,3403,863,,,,,
854,0.6821907953002345,0.5239591864300687,0.40742973467434346,0.8176930420144494,spatial_cv,xgb,dhs_wealth,ae_only,4.0,3412,854,,,,,
852,0.7052299097358014,0.4465123053290151,0.33291338956003513,0.844064332267418,spatial_cv,xgb,dhs_wealth,tab_only,0.0,3414,852,,,,,
836,0.7035026691686681,0.417825521806712,0.31352232049334056,0.8446405640126857,spatial_cv,xgb,dhs_wealth,tab_only,1.0,3430,836,,,,,
861,0.7572209816767541,0.4051769103164658,0.302402029693935,0.8674442293443602,spatial_cv,xgb,dhs_wealth,tab_only,2.0,3405,861,,,,,
863,0.73991921388524,0.4235353650101951,0.3149448596084057,0.8672465935809691,spatial_cv,xgb,dhs_wealth,tab_only,3.0,3403,863,,,,,
854,0.7558730346908726,0.45922138031467263,0.3567964157961479,0.87507860227703,spatial_cv,xgb,dhs_wealth,tab_only,4.0,3412,854,,,,,
852,0.7148311454791894,0.4391802184204978,0.32670508472290133,0.8491913316397199,spatial_cv,xgb,dhs_wealth,full,0.0,3414,852,,,,,
836,0.7117381393474351,0.41198192542951695,0.30981487049425965,0.8438187883121445,spatial_cv,xgb,dhs_wealth,full,1.0,3430,836,,,,,
861,0.77157468201081,0.3930169056347458,0.2905731111431008,0.8746979631962648,spatial_cv,xgb,dhs_wealth,full,2.0,3405,861,,,,,
863,0.7472240546503393,0.41754512415618855,0.31282833230256524,0.8698857412391111,spatial_cv,xgb,dhs_wealth,full,3.0,3403,863,,,,,
854,0.7807967690682763,0.4351487085290953,0.33801265158477856,0.8863265249010328,spatial_cv,xgb,dhs_wealth,full,4.0,3412,854,,,,,
852,0.6677926866300308,0.4740196216332336,0.35274436394953235,0.8242224308361691,spatial_cv,xgb,dhs_wealth,ae_plus_orthogonal,0.0,3414,852,,,,,
836,0.6797273369574497,0.43425467808904816,0.3283695439575797,0.8258254494766191,spatial_cv,xgb,dhs_wealth,ae_plus_orthogonal,1.0,3430,836,,,,,
861,0.7288542842093302,0.42819391005027874,0.31935962868866435,0.8476557777810784,spatial_cv,xgb,dhs_wealth,ae_plus_orthogonal,2.0,3405,861,,,,,
863,0.7192466855738434,0.4400459122164007,0.33402006867285583,0.8515816253069011,spatial_cv,xgb,dhs_wealth,ae_plus_orthogonal,3.0,3403,863,,,,,
854,0.76411790677937,0.4514001612653367,0.3493430885795473,0.8727600428241822,spatial_cv,xgb,dhs_wealth,ae_plus_orthogonal,4.0,3412,854,,,,,
852,0.7109552107300492,0.44215475219049855,0.32734969338483355,0.8460798306715136,spatial_cv,xgb,dhs_wealth,ae_plus_amount,0.0,3414,852,,,,,
836,0.70568673718965,0.41628377755709517,0.3137679535360298,0.8392240574158573,spatial_cv,xgb,dhs_wealth,ae_plus_amount,1.0,3430,836,,,,,
861,0.7622700469424138,0.400941550191591,0.2958504877780425,0.8715318620838505,spatial_cv,xgb,dhs_wealth,ae_plus_amount,2.0,3405,861,,,,,
863,0.7368793196875731,0.4260033719237593,0.3208088086292618,0.8635497406034274,spatial_cv,xgb,dhs_wealth,ae_plus_amount,3.0,3403,863,,,,,
854,0.7739613900518725,0.44188121279557224,0.3452517682589935,0.8810978592870045,spatial_cv,xgb,dhs_wealth,ae_plus_amount,4.0,3412,854,,,,,
852,0.35082360540234625,0.2619888778618814,0.20967226189084595,0.5983053399590212,spatial_cv,xgb,dhs_sanitation,ae_only,0.0,3414,852,,,,,
836,0.3837721311839978,0.2628618418478429,0.20948590053931662,0.621702098624612,spatial_cv,xgb,dhs_sanitation,ae_only,1.0,3430,836,,,,,
861,0.4614149615520836,0.2483355865358916,0.19589457740092112,0.6937137867732557,spatial_cv,xgb,dhs_sanitation,ae_only,2.0,3405,861,,,,,
863,0.4117940279420579,0.2623295629493117,0.20885823813384682,0.6539010706408737,spatial_cv,xgb,dhs_sanitation,ae_only,3.0,3403,863,,,,,
854,0.4819670854810555,0.25745272259339447,0.19893284496225294,0.7069849269503145,spatial_cv,xgb,dhs_sanitation,ae_only,4.0,3412,854,,,,,
852,0.4262213689814809,0.24630525623507313,0.19500489391718812,0.6727914840767178,spatial_cv,xgb,dhs_sanitation,tab_only,0.0,3414,852,,,,,
836,0.5079324797180098,0.23489254251527014,0.188630911641928,0.71529428140083,spatial_cv,xgb,dhs_sanitation,tab_only,1.0,3430,836,,,,,
861,0.5623135170377661,0.22386870310411286,0.17377009214649494,0.7485918556568953,spatial_cv,xgb,dhs_sanitation,tab_only,2.0,3405,861,,,,,
863,0.4675135265911753,0.24959553436535684,0.1946991967255312,0.6927729188956931,spatial_cv,xgb,dhs_sanitation,tab_only,3.0,3403,863,,,,,
854,0.530999185264599,0.24496588687037787,0.19510714732442025,0.7421980911547722,spatial_cv,xgb,dhs_sanitation,tab_only,4.0,3412,854,,,,,
852,0.4550569069845173,0.24003638144369294,0.18904342102280386,0.6913828564895256,spatial_cv,xgb,dhs_sanitation,full,0.0,3414,852,,,,,
836,0.5022173314662037,0.23625269142046557,0.18727185646669145,0.7122031275588181,spatial_cv,xgb,dhs_sanitation,full,1.0,3430,836,,,,,
861,0.581115145316017,0.21900757941913052,0.16904552540937645,0.7618987197012416,spatial_cv,xgb,dhs_sanitation,full,2.0,3405,861,,,,,
863,0.5069186634333445,0.24018274455170613,0.18647927494324648,0.7200496424483434,spatial_cv,xgb,dhs_sanitation,full,3.0,3403,863,,,,,
854,0.5624809853827331,0.23660138237498363,0.18207580156502176,0.7499508127791313,spatial_cv,xgb,dhs_sanitation,full,4.0,3412,854,,,,,
852,0.42480341289864143,0.2466094105828927,0.19440010384582157,0.666399380379181,spatial_cv,xgb,dhs_sanitation,ae_plus_orthogonal,0.0,3414,852,,,,,
836,0.4876702714572244,0.23967992355263393,0.19252133535212307,0.7026721769138135,spatial_cv,xgb,dhs_sanitation,ae_plus_orthogonal,1.0,3430,836,,,,,
861,0.5409991306742306,0.2292548700421154,0.17632868882965266,0.7401077676973199,spatial_cv,xgb,dhs_sanitation,ae_plus_orthogonal,2.0,3405,861,,,,,
863,0.47221983763567144,0.24849007782949992,0.19586343063108477,0.6955262386798771,spatial_cv,xgb,dhs_sanitation,ae_plus_orthogonal,3.0,3403,863,,,,,
854,0.5317516027742265,0.24476930873996944,0.18889031869815162,0.7319020304148619,spatial_cv,xgb,dhs_sanitation,ae_plus_orthogonal,4.0,3412,854,,,,,
852,0.45269468305863025,0.2405560747276251,0.18989704117756073,0.6859708263526767,spatial_cv,xgb,dhs_sanitation,ae_plus_amount,0.0,3414,852,,,,,
836,0.4840905023952887,0.24051581612396078,0.19000453728309089,0.7009997358159705,spatial_cv,xgb,dhs_sanitation,ae_plus_amount,1.0,3430,836,,,,,
861,0.5712850552109602,0.22156243406332432,0.17137625192602476,0.7567531379779343,spatial_cv,xgb,dhs_sanitation,ae_plus_amount,2.0,3405,861,,,,,
863,0.49735589577013883,0.24250059991940173,0.18738735358846975,0.7150785123022487,spatial_cv,xgb,dhs_sanitation,ae_plus_amount,3.0,3403,863,,,,,
854,0.5422172186324741,0.24201848519335994,0.18387540007572822,0.7414123382844173,spatial_cv,xgb,dhs_sanitation,ae_plus_amount,4.0,3412,854,,,,,
852,0.6545566935052125,2.027604827762152,1.5350024828800992,0.7857799831117399,spatial_cv,xgb,dhs_women_edu,ae_only,0.0,3414,852,,,,,
836,0.6567714494470991,2.0576160607487455,1.5507625541672039,0.7909087482545306,spatial_cv,xgb,dhs_women_edu,ae_only,1.0,3430,836,,,,,
861,0.6287809071948893,2.1123009486209545,1.5853647740036423,0.8001234552777919,spatial_cv,xgb,dhs_women_edu,ae_only,2.0,3405,861,,,,,
863,0.6934509691252821,2.0659789243704005,1.5668592473118634,0.8171032735647328,spatial_cv,xgb,dhs_women_edu,ae_only,3.0,3403,863,,,,,
854,0.6612030079332938,2.1221251102199186,1.6224942817865267,0.8093756916371023,spatial_cv,xgb,dhs_women_edu,ae_only,4.0,3412,854,,,,,
852,0.6757047870378866,1.9645595358087302,1.4734201783777823,0.80613848046754,spatial_cv,xgb,dhs_women_edu,tab_only,0.0,3414,852,,,,,
836,0.7103891204350856,1.8900795111561917,1.4677129659409587,0.8302490010981092,spatial_cv,xgb,dhs_women_edu,tab_only,1.0,3430,836,,,,,
861,0.6364413904551728,2.090392595713453,1.5960814546616304,0.8007285204543202,spatial_cv,xgb,dhs_women_edu,tab_only,2.0,3405,861,,,,,
863,0.7052625147236181,2.025786161128837,1.5739054735555709,0.814527357210576,spatial_cv,xgb,dhs_women_edu,tab_only,3.0,3403,863,,,,,
854,0.7065204980938795,1.9751045884722196,1.569175991175186,0.8207656849298568,spatial_cv,xgb,dhs_women_edu,tab_only,4.0,3412,854,,,,,
852,0.6985122330568525,1.8942171884792371,1.3955815519717798,0.8174679409047019,spatial_cv,xgb,dhs_women_edu,full,0.0,3414,852,,,,,
836,0.7412683260123485,1.7864770326703376,1.3472844254510683,0.8497195925312555,spatial_cv,xgb,dhs_women_edu,full,1.0,3430,836,,,,,
861,0.6760356951396449,1.9732823082749555,1.4840687888692827,0.8253248438375596,spatial_cv,xgb,dhs_women_edu,full,2.0,3405,861,,,,,
863,0.7460021958870772,1.8805760207762634,1.4195724938880665,0.8432934508304046,spatial_cv,xgb,dhs_women_edu,full,3.0,3403,863,,,,,
854,0.7369813491967799,1.8697971096167978,1.4644279886010938,0.8437759483211599,spatial_cv,xgb,dhs_women_edu,full,4.0,3412,854,,,,,
852,0.6689354326330983,1.9849577937566136,1.491186665108716,0.7982413146691576,spatial_cv,xgb,dhs_women_edu,ae_plus_orthogonal,0.0,3414,852,,,,,
836,0.7161308911716067,1.871249533880562,1.414782644307428,0.838151790194376,spatial_cv,xgb,dhs_women_edu,ae_plus_orthogonal,1.0,3430,836,,,,,
861,0.6573410635083572,2.029418770161709,1.5346272438029034,0.8147239733475163,spatial_cv,xgb,dhs_women_edu,ae_plus_orthogonal,2.0,3405,861,,,,,
863,0.735008355322809,1.92084359328914,1.4528527084828666,0.8365617167837047,spatial_cv,xgb,dhs_women_edu,ae_plus_orthogonal,3.0,3403,863,,,,,
854,0.7195170076368116,1.9308764127897153,1.493645310070392,0.830802252884741,spatial_cv,xgb,dhs_women_edu,ae_plus_orthogonal,4.0,3412,854,,,,,
852,0.6970934801991787,1.898668897822572,1.4047335363802076,0.8207771238222502,spatial_cv,xgb,dhs_women_edu,ae_plus_amount,0.0,3414,852,,,,,
836,0.7267969833723242,1.83575780430761,1.3749466730843178,0.8388085443007383,spatial_cv,xgb,dhs_women_edu,ae_plus_amount,1.0,3430,836,,,,,
861,0.653646812945555,2.0403291562837382,1.5137746719109126,0.8124881951956918,spatial_cv,xgb,dhs_women_edu,ae_plus_amount,2.0,3405,861,,,,,
863,0.7282644865500592,1.9451321557608046,1.4571360635332686,0.8340289288739254,spatial_cv,xgb,dhs_women_edu,ae_plus_amount,3.0,3403,863,,,,,
854,0.7129319549541568,1.9534110367224697,1.5255814091906614,0.8381339931779915,spatial_cv,xgb,dhs_women_edu,ae_plus_amount,4.0,3412,854,,,,,
845,0.16938896842889228,0.20410548271787615,0.160437024349468,0.3823505037261846,spatial_cv,xgb,dhs_stunting,ae_only,0.0,3374,845,,,,,
829,0.18041690634757246,0.1958594004000186,0.15422020176710927,0.34349539097438975,spatial_cv,xgb,dhs_stunting,ae_only,1.0,3390,829,,,,,
850,0.23383064877991677,0.19239444424856295,0.15255980176084183,0.4778962241081567,spatial_cv,xgb,dhs_stunting,ae_only,2.0,3369,850,,,,,
857,0.19945109531248084,0.18698989450430029,0.14368303972127974,0.4115167959870532,spatial_cv,xgb,dhs_stunting,ae_only,3.0,3362,857,,,,,
838,0.22050652801677206,0.20219480075225701,0.1587178861513414,0.421257641250001,spatial_cv,xgb,dhs_stunting,ae_only,4.0,3381,838,,,,,
845,0.16393646626406477,0.20477430671886884,0.16384815500068242,0.3976166523774538,spatial_cv,xgb,dhs_stunting,tab_only,0.0,3374,845,,,,,
829,0.15860403441194137,0.1984486448937168,0.1545050199917631,0.35966330328991997,spatial_cv,xgb,dhs_stunting,tab_only,1.0,3390,829,,,,,
850,0.20307227642398096,0.19621834437065463,0.15437702972222778,0.44578668573375174,spatial_cv,xgb,dhs_stunting,tab_only,2.0,3369,850,,,,,
857,0.18350473000561773,0.1888430644623508,0.1486658824036113,0.4066375676268606,spatial_cv,xgb,dhs_stunting,tab_only,3.0,3362,857,,,,,
838,0.208900021187979,0.20369455931343936,0.15805804472958984,0.4248287743130191,spatial_cv,xgb,dhs_stunting,tab_only,4.0,3381,838,,,,,
845,0.18981851341378875,0.20157978656546027,0.15824568526014773,0.4025882330570684,spatial_cv,xgb,dhs_stunting,full,0.0,3374,845,,,,,
829,0.19107900369991315,0.19458124555366352,0.15217001178044606,0.3735957467810096,spatial_cv,xgb,dhs_stunting,full,1.0,3390,829,,,,,
850,0.24150606337981528,0.1914283235436065,0.1503689570900272,0.4865177135474321,spatial_cv,xgb,dhs_stunting,full,2.0,3369,850,,,,,
857,0.21433930890650998,0.18524296133067555,0.14299185887900645,0.4204254242017583,spatial_cv,xgb,dhs_stunting,full,3.0,3362,857,,,,,
838,0.23129773539915888,0.2007903436212422,0.15694100677807035,0.44255148152382584,spatial_cv,xgb,dhs_stunting,full,4.0,3381,838,,,,,
845,0.2037162522485454,0.19984337220334572,0.15635692057965775,0.40503412649361004,spatial_cv,xgb,dhs_stunting,ae_plus_orthogonal,0.0,3374,845,,,,,
829,0.1894544111504166,0.1947765406970062,0.15250763904631354,0.36538161516914075,spatial_cv,xgb,dhs_stunting,ae_plus_orthogonal,1.0,3390,829,,,,,
850,0.23705015923179829,0.19198978958320523,0.15021098905626465,0.4825175704503044,spatial_cv,xgb,dhs_stunting,ae_plus_orthogonal,2.0,3369,850,,,,,
857,0.2109765034023412,0.18563897891368825,0.1429402281898601,0.4208341254109077,spatial_cv,xgb,dhs_stunting,ae_plus_orthogonal,3.0,3362,857,,,,,
838,0.22686262104360355,0.20136875178264407,0.1582693699925142,0.4293376913722357,spatial_cv,xgb,dhs_stunting,ae_plus_orthogonal,4.0,3381,838,,,,,
845,0.17701326478243673,0.20316656656612345,0.1597622943215469,0.3855938322413635,spatial_cv,xgb,dhs_stunting,ae_plus_amount,0.0,3374,845,,,,,
829,0.19387772906698497,0.19424434533444424,0.15191491071328037,0.36443255305863037,spatial_cv,xgb,dhs_stunting,ae_plus_amount,1.0,3390,829,,,,,
850,0.23568758146369861,0.19216115361573075,0.15170715836917653,0.47787128876850316,spatial_cv,xgb,dhs_stunting,ae_plus_amount,2.0,3369,850,,,,,
857,0.19155121317913149,0.1879102453479202,0.14447334493959244,0.40469953038294826,spatial_cv,xgb,dhs_stunting,ae_plus_amount,3.0,3362,857,,,,,
838,0.22120641564343857,0.2021040075487439,0.15695834667966446,0.4311094526123234,spatial_cv,xgb,dhs_stunting,ae_plus_amount,4.0,3381,838,,,,,
852,0.4116116311062141,0.09607043000884595,0.06822997866801812,0.5432379243424824,spatial_cv,xgb,dhs_mobile,ae_only,0.0,3414,852,,,,,
836,0.5287742176094065,0.11557263097313605,0.07909975197326624,0.6450605377976999,spatial_cv,xgb,dhs_mobile,ae_only,1.0,3430,836,,,,,
861,0.42166781733793357,0.12394188020629425,0.08420164777565224,0.6601046220918062,spatial_cv,xgb,dhs_mobile,ae_only,2.0,3405,861,,,,,
863,0.5239313786900917,0.10243621585421765,0.07365853854844634,0.6135791727624005,spatial_cv,xgb,dhs_mobile,ae_only,3.0,3403,863,,,,,
854,0.4000599879287813,0.10955636033080925,0.0753725707810154,0.6467480234789718,spatial_cv,xgb,dhs_mobile,ae_only,4.0,3412,854,,,,,
852,0.36595452358556346,0.09972818134153662,0.06874587827585113,0.568217325483289,spatial_cv,xgb,dhs_mobile,tab_only,0.0,3414,852,,,,,
836,0.5545799924851447,0.11236352064348328,0.07974268613677275,0.6777600969660363,spatial_cv,xgb,dhs_mobile,tab_only,1.0,3430,836,,,,,
861,0.5013210221426839,0.11509062017371376,0.07915559826412268,0.6904272715380432,spatial_cv,xgb,dhs_mobile,tab_only,2.0,3405,861,,,,,
863,0.547766835359625,0.09983893787589614,0.07155929984112604,0.5998983646280351,spatial_cv,xgb,dhs_mobile,tab_only,3.0,3403,863,,,,,
854,0.4558189408569926,0.10434109564768979,0.07063508005834575,0.695561322564978,spatial_cv,xgb,dhs_mobile,tab_only,4.0,3412,854,,,,,
852,0.42075735268412884,0.09532086174161387,0.06467717396261546,0.6006942367404727,spatial_cv,xgb,dhs_mobile,full,0.0,3414,852,,,,,
836,0.5917157384670093,0.1075775866908892,0.0759322492842469,0.6814948281817496,spatial_cv,xgb,dhs_mobile,full,1.0,3430,836,,,,,
861,0.46235754391592654,0.11950227638120746,0.08076881157811926,0.698164086622721,spatial_cv,xgb,dhs_mobile,full,2.0,3405,861,,,,,
863,0.5888392500395442,0.0951972872367327,0.06841853433660947,0.6365266227470783,spatial_cv,xgb,dhs_mobile,full,3.0,3403,863,,,,,
854,0.45205445769367814,0.10470137402289123,0.07071313017704448,0.689170903841672,spatial_cv,xgb,dhs_mobile,full,4.0,3412,854,,,,,
852,0.40513347535463706,0.09659784996118312,0.06593301675409219,0.5819217323932668,spatial_cv,xgb,dhs_mobile,ae_plus_orthogonal,0.0,3414,852,,,,,
836,0.5577064087967627,0.1119684847800958,0.07777711335551796,0.677404005902735,spatial_cv,xgb,dhs_mobile,ae_plus_orthogonal,1.0,3430,836,,,,,
861,0.46493431847836364,0.11921556142220227,0.08004875842840968,0.695290482018304,spatial_cv,xgb,dhs_mobile,ae_plus_orthogonal,2.0,3405,861,,,,,
863,0.5642955187688853,0.0979974469207295,0.07039108292252551,0.6193701309881858,spatial_cv,xgb,dhs_mobile,ae_plus_orthogonal,3.0,3403,863,,,,,
854,0.4326495983527634,0.10653918379882465,0.07199001392519726,0.6778048441388272,spatial_cv,xgb,dhs_mobile,ae_plus_orthogonal,4.0,3412,854,,,,,
852,0.4155296995711123,0.09575003002721477,0.06544701709573818,0.5904710324769905,spatial_cv,xgb,dhs_mobile,ae_plus_amount,0.0,3414,852,,,,,
836,0.5842368110017879,0.10855841538585269,0.07564750320888593,0.6791026826951544,spatial_cv,xgb,dhs_mobile,ae_plus_amount,1.0,3430,836,,,,,
861,0.4529669429122791,0.12054138737926973,0.08197665301072611,0.6939439473248268,spatial_cv,xgb,dhs_mobile,ae_plus_amount,2.0,3405,861,,,,,
863,0.5693103037702532,0.0974318590011986,0.06913380506140884,0.6409827891139889,spatial_cv,xgb,dhs_mobile,ae_plus_amount,3.0,3403,863,,,,,
854,0.435925008320332,0.10623120427398819,0.07120263785891566,0.6848384116336964,spatial_cv,xgb,dhs_mobile,ae_plus_amount,4.0,3412,854,,,,,
852,0.658027229959163,0.48093622252182666,0.3642619128205775,0.8182360453118391,spatial_cv,ssl_frozen_z_ridge,dhs_wealth,ssl_full_z,0.0,3414,852,256.0,,,,
852,0.39141139296837313,0.2536666677596686,0.20235098618576783,0.6552444695359072,spatial_cv,ssl_frozen_z_ridge,dhs_sanitation,ssl_full_z,0.0,3414,852,256.0,,,,
852,0.5486669834727222,2.3176266602484388,1.779730289536113,0.725793404032081,spatial_cv,ssl_frozen_z_ridge,dhs_women_edu,ssl_full_z,0.0,3414,852,256.0,,,,
845,0.15693777144296528,0.20562960423906226,0.16542842963038112,0.3623231636627994,spatial_cv,ssl_frozen_z_ridge,dhs_stunting,ssl_full_z,0.0,3374,845,256.0,,,,
852,0.2632921858646958,0.1074992249851885,0.07649353538320658,0.5180234655176336,spatial_cv,ssl_frozen_z_ridge,dhs_mobile,ssl_full_z,0.0,3414,852,256.0,,,,
836,0.6223232278533243,0.47156841401613847,0.3538918143161954,0.8114144915909807,spatial_cv,ssl_frozen_z_ridge,dhs_wealth,ssl_full_z,1.0,3430,836,256.0,,,,
836,0.43896633869864,0.2508137482861121,0.20031772966554576,0.6803337550989154,spatial_cv,ssl_frozen_z_ridge,dhs_sanitation,ssl_full_z,1.0,3430,836,256.0,,,,
836,0.33969465097614726,2.853941361970786,1.8427303582340764,0.7567987551474827,spatial_cv,ssl_frozen_z_ridge,dhs_women_edu,ssl_full_z,1.0,3430,836,256.0,,,,
829,0.11263757688973497,0.20379730749217081,0.1593464393577616,0.34584585713227706,spatial_cv,ssl_frozen_z_ridge,dhs_stunting,ssl_full_z,1.0,3390,829,256.0,,,,
836,0.10453263100418231,0.1593181886927626,0.09540280129350544,0.5932701655180229,spatial_cv,ssl_frozen_z_ridge,dhs_mobile,ssl_full_z,1.0,3430,836,256.0,,,,
861,0.7456988767169168,0.41468015495355126,0.3146228690490867,0.8580465469730895,spatial_cv,ssl_frozen_z_ridge,dhs_wealth,ssl_full_z,2.0,3405,861,256.0,,,,
861,0.5103542921562112,0.23678423945846355,0.18919813155729873,0.7150285567057096,spatial_cv,ssl_frozen_z_ridge,dhs_sanitation,ssl_full_z,2.0,3405,861,256.0,,,,
861,0.5507699150652542,2.323673248563274,1.8040427828421783,0.7554853420127566,spatial_cv,ssl_frozen_z_ridge,dhs_women_edu,ssl_full_z,2.0,3405,861,256.0,,,,
850,0.21963247135069963,0.19416892860768764,0.15472086904022622,0.4457091003917813,spatial_cv,ssl_frozen_z_ridge,dhs_stunting,ssl_full_z,2.0,3369,850,256.0,,,,
861,0.46306477621317765,0.11942365193431118,0.08429502478598441,0.6685873140530229,spatial_cv,ssl_frozen_z_ridge,dhs_mobile,ssl_full_z,2.0,3405,861,256.0,,,,
863,0.7188592281821481,0.44034945316907576,0.332090370060535,0.85880802741804,spatial_cv,ssl_frozen_z_ridge,dhs_wealth,ssl_full_z,3.0,3403,863,256.0,,,,
863,0.4673469879054989,0.24963456264561776,0.19610823945251324,0.6951084847182003,spatial_cv,ssl_frozen_z_ridge,dhs_sanitation,ssl_full_z,3.0,3403,863,256.0,,,,
863,0.6315636403702214,2.2649423608248083,1.7619776979675852,0.7805446261939338,spatial_cv,ssl_frozen_z_ridge,dhs_women_edu,ssl_full_z,3.0,3403,863,256.0,,,,
857,0.14283727700294957,0.19348880423493184,0.1511533781943663,0.38466564313566043,spatial_cv,ssl_frozen_z_ridge,dhs_stunting,ssl_full_z,3.0,3362,857,256.0,,,,
863,0.3601599376289516,0.11875569963515098,0.08687157277989084,0.5576168576457896,spatial_cv,ssl_frozen_z_ridge,dhs_mobile,ssl_full_z,3.0,3403,863,256.0,,,,
854,0.748197261298552,0.46638486464866546,0.3668779004858676,0.8655790014116258,spatial_cv,ssl_frozen_z_ridge,dhs_wealth,ssl_full_z,4.0,3412,854,256.0,,,,
854,0.5008826050194708,0.2527086830890312,0.19832395158481264,0.7237296640346007,spatial_cv,ssl_frozen_z_ridge,dhs_sanitation,ssl_full_z,4.0,3412,854,256.0,,,,
854,0.6219194343695111,2.2417820543746108,1.742528386414051,0.7773066022756911,spatial_cv,ssl_frozen_z_ridge,dhs_women_edu,ssl_full_z,4.0,3412,854,256.0,,,,
838,0.15164713130937357,0.21093663280928013,0.1636807572081027,0.38355243210168577,spatial_cv,ssl_frozen_z_ridge,dhs_stunting,ssl_full_z,4.0,3381,838,256.0,,,,
854,0.3831371294454916,0.11109077518087919,0.0796083783168145,0.6418256391449586,spatial_cv,ssl_frozen_z_ridge,dhs_mobile,ssl_full_z,4.0,3412,854,256.0,,,,
852,0.5968791291524194,0.5221669336690724,0.4000383321805104,0.7771847373469545,spatial_cv,graphsage_singletask,dhs_wealth,ae_only,0.0,2753,852,,2014288.0,653072.0,1.0,
836,0.5891569132951309,0.4918385459901815,0.3689645960229075,0.768568804665711,spatial_cv,graphsage_singletask,dhs_wealth,ae_only,1.0,2684,836,,1984694.0,592668.0,1.0,
861,0.6557958140467831,0.48244430780944986,0.3667031639076363,0.8215845132451371,spatial_cv,graphsage_singletask,dhs_wealth,ae_only,2.0,2881,861,,2061406.0,633756.0,1.0,
863,0.6731814068788513,0.47477618131987087,0.3672949092671478,0.82308123532334,spatial_cv,graphsage_singletask,dhs_wealth,ae_only,3.0,2893,863,,1978522.0,639076.0,1.0,
854,0.6942850476418156,0.5138928361984322,0.3970732045459694,0.8253297803538693,spatial_cv,graphsage_singletask,dhs_wealth,ae_only,4.0,2867,854,,2061556.0,630822.0,1.0,
852,0.3619844966033373,0.2597270070079445,0.21098154432144664,0.6072472973726698,spatial_cv,graphsage_singletask,dhs_sanitation,ae_only,0.0,2753,852,,2014288.0,653072.0,1.0,
836,0.36161819812872875,0.26754517802989336,0.21398837512813546,0.6201457377604974,spatial_cv,graphsage_singletask,dhs_sanitation,ae_only,1.0,2684,836,,1984694.0,592668.0,1.0,
861,0.4557178795518366,0.24964556211655595,0.19526477827410388,0.6907457740136892,spatial_cv,graphsage_singletask,dhs_sanitation,ae_only,2.0,2881,861,,2061406.0,633756.0,1.0,
863,0.41884100143433567,0.2607534145964202,0.20540707077084244,0.6575363279112162,spatial_cv,graphsage_singletask,dhs_sanitation,ae_only,3.0,2893,863,,1978522.0,639076.0,1.0,
854,0.48086266775464337,0.2577270140110553,0.20005411504652237,0.7171306241057208,spatial_cv,graphsage_singletask,dhs_sanitation,ae_only,4.0,2867,854,,2061556.0,630822.0,1.0,
852,0.6693542324597028,1.983701901207512,1.5182359764885875,0.8141655587213208,spatial_cv,graphsage_singletask,dhs_women_edu,ae_only,0.0,2753,852,,2014288.0,653072.0,1.0,
836,0.7056623256035712,1.905441259829083,1.4571583767167546,0.8183341010223072,spatial_cv,graphsage_singletask,dhs_women_edu,ae_only,1.0,2684,836,,1984694.0,592668.0,1.0,
861,0.5859582064054544,2.230810768138656,1.6841092982419208,0.7858527215122493,spatial_cv,graphsage_singletask,dhs_women_edu,ae_only,2.0,2881,861,,2061406.0,633756.0,1.0,
863,0.6823829956299325,2.102944377264275,1.6312347822245274,0.8105238613420392,spatial_cv,graphsage_singletask,dhs_women_edu,ae_only,3.0,2893,863,,1978522.0,639076.0,1.0,
854,0.6381527901898625,2.1931272208724475,1.706637436092179,0.808700525128949,spatial_cv,graphsage_singletask,dhs_women_edu,ae_only,4.0,2867,854,,2061556.0,630822.0,1.0,
845,0.2082355008861081,0.19927546725245188,0.15640432716914887,0.37205915486926644,spatial_cv,graphsage_singletask,dhs_stunting,ae_only,0.0,2721,845,,2014288.0,653072.0,1.0,
829,0.2134945767571138,0.19186633765789504,0.15033131339042408,0.39880760221755923,spatial_cv,graphsage_singletask,dhs_stunting,ae_only,1.0,2650,829,,1984694.0,592668.0,1.0,
850,0.2649564814511749,0.1884458880687428,0.14782372523756587,0.4903100457792314,spatial_cv,graphsage_singletask,dhs_stunting,ae_only,2.0,2848,850,,2061406.0,633756.0,1.0,
857,0.219340490573825,0.18465243112812352,0.1435917499219801,0.42710195271295603,spatial_cv,graphsage_singletask,dhs_stunting,ae_only,3.0,2854,857,,1978522.0,639076.0,1.0,
838,0.1675917428012803,0.2089449756818885,0.16610234708643046,0.39574301801640804,spatial_cv,graphsage_singletask,dhs_stunting,ae_only,4.0,2840,838,,2061556.0,630822.0,1.0,
852,0.3744008727534798,0.09906169668800055,0.07129571317507068,0.5158599656749089,spatial_cv,graphsage_singletask,dhs_mobile,ae_only,0.0,2753,852,,2014288.0,653072.0,1.0,
836,0.3387270520169894,0.1369086399272505,0.09523492359943937,0.531198431489658,spatial_cv,graphsage_singletask,dhs_mobile,ae_only,1.0,2684,836,,1984694.0,592668.0,1.0,
861,0.431310091605007,0.12290432353330809,0.08477724782265852,0.6318022607312497,spatial_cv,graphsage_singletask,dhs_mobile,ae_only,2.0,2881,861,,2061406.0,633756.0,1.0,
863,0.5243650492017009,0.10238954854033437,0.07456441277148135,0.6017266645312129,spatial_cv,graphsage_singletask,dhs_mobile,ae_only,3.0,2893,863,,1978522.0,639076.0,1.0,
854,0.20769596519900335,0.12590112644204515,0.09986253431725557,0.49576124785203,spatial_cv,graphsage_singletask,dhs_mobile,ae_only,4.0,2867,854,,2061556.0,630822.0,1.0,
852,0.7331232350084158,0.42486123490188793,0.3121184659678687,0.8668561098441877,spatial_cv,graphsage_singletask,dhs_wealth,full,0.0,2753,852,,2014288.0,653072.0,1.0,
836,0.6684339633943832,0.44184463819180164,0.34249260546901356,0.8161446105063116,spatial_cv,graphsage_singletask,dhs_wealth,full,1.0,2684,836,,1984694.0,592668.0,1.0,
861,0.7755613506309997,0.3895721804794067,0.29372705414009814,0.8862112051372343,spatial_cv,graphsage_singletask,dhs_wealth,full,2.0,2881,861,,2061406.0,633756.0,1.0,
863,0.7640388411510831,0.40341849529717444,0.3098212964177188,0.8875494686156585,spatial_cv,graphsage_singletask,dhs_wealth,full,3.0,2893,863,,1978522.0,639076.0,1.0,
854,0.785335128824722,0.43062051245218647,0.33221460846323625,0.8897126351326975,spatial_cv,graphsage_singletask,dhs_wealth,full,4.0,2867,854,,2061556.0,630822.0,1.0,
852,0.47354677798865497,0.23592903369238793,0.1861942744477184,0.7004201624912012,spatial_cv,graphsage_singletask,dhs_sanitation,full,0.0,2753,852,,2014288.0,653072.0,1.0,
836,0.468820884280705,0.24404919236195224,0.18906881088952412,0.6983708478458693,spatial_cv,graphsage_singletask,dhs_sanitation,full,1.0,2684,836,,1984694.0,592668.0,1.0,
861,0.5659421924936014,0.22293877080921598,0.17400457944967607,0.751327564282952,spatial_cv,graphsage_singletask,dhs_sanitation,full,2.0,2881,861,,2061406.0,633756.0,1.0,
863,0.5365939555195185,0.23284309749117557,0.17920423091873786,0.7430786588900147,spatial_cv,graphsage_singletask,dhs_sanitation,full,3.0,2893,863,,1978522.0,639076.0,1.0,
854,0.5021489503498648,0.2523878971317631,0.19200982005102016,0.7227862453677935,spatial_cv,graphsage_singletask,dhs_sanitation,full,4.0,2867,854,,2061556.0,630822.0,1.0,
852,0.6902952132749858,1.9198570128470291,1.4726570274401019,0.8174047357932895,spatial_cv,graphsage_singletask,dhs_women_edu,full,0.0,2753,852,,2014288.0,653072.0,1.0,
836,0.7339546507972652,1.8115506186074088,1.378846781310496,0.8371823092405757,spatial_cv,graphsage_singletask,dhs_women_edu,full,1.0,2684,836,,1984694.0,592668.0,1.0,
861,0.6353072659979079,2.0936505564355716,1.561599205850551,0.8074345764574429,spatial_cv,graphsage_singletask,dhs_women_edu,full,2.0,2881,861,,2061406.0,633756.0,1.0,
863,0.7719155874948075,1.7820657202614927,1.3811698170985296,0.842954668498174,spatial_cv,graphsage_singletask,dhs_women_edu,full,3.0,2893,863,,1978522.0,639076.0,1.0,
854,0.6813826249961841,2.057955307185442,1.5721251926705486,0.8190128106398337,spatial_cv,graphsage_singletask,dhs_women_edu,full,4.0,2867,854,,2061556.0,630822.0,1.0,
845,0.19283615090351192,0.20120402989315436,0.15887984316465417,0.3467172273913569,spatial_cv,graphsage_singletask,dhs_stunting,full,0.0,2721,845,,2014288.0,653072.0,1.0,
829,0.20852967848681003,0.19247097317867856,0.15032684827275097,0.39697376492127745,spatial_cv,graphsage_singletask,dhs_stunting,full,1.0,2650,829,,1984694.0,592668.0,1.0,
850,0.21816246990935972,0.1943517234468606,0.1502060130413841,0.46894080342866856,spatial_cv,graphsage_singletask,dhs_stunting,full,2.0,2848,850,,2061406.0,633756.0,1.0,
857,0.16706321494835497,0.19073492543609583,0.1487922916838697,0.3894216293189093,spatial_cv,graphsage_singletask,dhs_stunting,full,3.0,2854,857,,1978522.0,639076.0,1.0,
838,0.21600135326654013,0.2027782633063758,0.1603392009581117,0.4379239582893249,spatial_cv,graphsage_singletask,dhs_stunting,full,4.0,2840,838,,2061556.0,630822.0,1.0,
852,0.39628274277273967,0.09731381312422888,0.06502345022461224,0.5764989904467748,spatial_cv,graphsage_singletask,dhs_mobile,full,0.0,2753,852,,2014288.0,653072.0,1.0,
836,0.6136813711910745,0.10464375210841992,0.07494473132933156,0.67645164058064,spatial_cv,graphsage_singletask,dhs_mobile,full,1.0,2684,836,,1984694.0,592668.0,1.0,
861,0.5406389366000961,0.11046036914318265,0.08060447634581766,0.6609004719923643,spatial_cv,graphsage_singletask,dhs_mobile,full,2.0,2881,861,,2061406.0,633756.0,1.0,
863,0.5828385828955813,0.09588944723160579,0.0716126888886802,0.6050961647812779,spatial_cv,graphsage_singletask,dhs_mobile,full,3.0,2893,863,,1978522.0,639076.0,1.0,
854,0.48807079611659676,0.10120189265436536,0.07009810464024822,0.7045407969898125,spatial_cv,graphsage_singletask,dhs_mobile,full,4.0,2867,854,,2061556.0,630822.0,1.0,
602,0.5641506118864691,0.5384113168312945,0.42228113534243233,0.7908456072328504,loco,xgb,dhs_wealth,ae_only,,4584,602,,,,,GHA
602,0.5330211999822305,0.5573070562384631,0.45536878498111955,0.8304483134325333,loco,xgb,dhs_wealth,tab_only,,4584,602,,,,,GHA
602,0.634262349444541,0.4932087749540987,0.39355541956058876,0.8363515450205978,loco,xgb,dhs_wealth,full,,4584,602,,,,,GHA
602,0.6441757184269232,0.48647861053957026,0.38631568217045353,0.8206670364574495,loco,xgb,dhs_wealth,ae_plus_orthogonal,,4584,602,,,,,GHA
602,0.6413318595521762,0.4884187861865954,0.3862540653862382,0.82973480368485,loco,xgb,dhs_wealth,ae_plus_amount,,4584,602,,,,,GHA
602,0.2801541507741653,0.2809009167378533,0.2202411556238946,0.6226162983029806,loco,xgb,dhs_sanitation,ae_only,,4584,602,,,,,GHA
602,0.13091609285348804,0.30864856223001763,0.23836679096980348,0.5691548201382908,loco,xgb,dhs_sanitation,tab_only,,4584,602,,,,,GHA
602,0.21468822078185734,0.2933961833395022,0.22613575360258156,0.5620116816201991,loco,xgb,dhs_sanitation,full,,4584,602,,,,,GHA
602,0.277714639920316,0.28137649164152295,0.21793411373844573,0.5798716874260696,loco,xgb,dhs_sanitation,ae_plus_orthogonal,,4584,602,,,,,GHA
602,0.2134984150238196,0.29361835773914374,0.22581203072718609,0.5530980194729462,loco,xgb,dhs_sanitation,ae_plus_amount,,4584,602,,,,,GHA
602,0.38442597230317965,2.12914108855609,1.6666775012135109,0.6531155661380226,loco,xgb,dhs_women_edu,ae_only,,4584,602,,,,,GHA
602,0.25065431781833225,2.3491210787563155,1.9245668840764765,0.7168454954756767,loco,xgb,dhs_women_edu,tab_only,,4584,602,,,,,GHA
602,0.338845899368307,2.2065595124522566,1.8158601179867488,0.729243025886827,loco,xgb,dhs_women_edu,full,,4584,602,,,,,GHA
602,0.34457951494962547,2.196970891145849,1.8102117846178454,0.7198758275080621,loco,xgb,dhs_women_edu,ae_plus_orthogonal,,4584,602,,,,,GHA
602,0.30959686915912743,2.2548397033812506,1.7927119808141576,0.6913446516051927,loco,xgb,dhs_women_edu,ae_plus_amount,,4584,602,,,,,GHA
600,-0.8453605812695926,0.22690461667068565,0.18948047233745455,0.1861094590049872,loco,xgb,dhs_stunting,ae_only,,4532,600,,,,,GHA
600,-0.25924826882392926,0.18743832463814405,0.1552426212094724,0.27330865189696857,loco,xgb,dhs_stunting,tab_only,,4532,600,,,,,GHA
600,-0.4226445114727839,0.19922824483145307,0.1645415259214739,0.2282466064473129,loco,xgb,dhs_stunting,full,,4532,600,,,,,GHA
600,-0.518488529067572,0.2058299034461727,0.17217185674235225,0.2140167143759224,loco,xgb,dhs_stunting,ae_plus_orthogonal,,4532,600,,,,,GHA
600,-0.585960202254239,0.21035307017171218,0.1743306561373174,0.1620732835422624,loco,xgb,dhs_stunting,ae_plus_amount,,4532,600,,,,,GHA
602,-0.49785199293975224,0.08819227700154941,0.07026401845323683,0.3993563158169438,loco,xgb,dhs_mobile,ae_only,,4584,602,,,,,GHA
602,-0.3191604094358531,0.08276465503298269,0.059335227919575385,0.4416243926741951,loco,xgb,dhs_mobile,tab_only,,4584,602,,,,,GHA
602,-0.05155208949528123,0.07389439541015388,0.05558946243552274,0.45333861547840243,loco,xgb,dhs_mobile,full,,4584,602,,,,,GHA
602,-0.17526281053140713,0.07812024590965634,0.058330659751480204,0.43800607030835964,loco,xgb,dhs_mobile,ae_plus_orthogonal,,4584,602,,,,,GHA
602,-0.07671699344827232,0.07477335863784382,0.05640360178345462,0.46652831984411125,loco,xgb,dhs_mobile,ae_plus_amount,,4584,602,,,,,GHA
172,0.5567830310425131,0.5016020620888889,0.3862544941867507,0.7577584234817449,loco,xgb,dhs_wealth,ae_only,,5014,172,,,,,GMB
172,0.6285490454230658,0.45919998256344424,0.3435227859895243,0.7532940430118177,loco,xgb,dhs_wealth,tab_only,,5014,172,,,,,GMB
172,0.6480924417685359,0.4469566680936377,0.33762308225295573,0.8045955054324883,loco,xgb,dhs_wealth,full,,5014,172,,,,,GMB
172,0.6842772492407931,0.4233543850579632,0.3233772310276711,0.7877237791346223,loco,xgb,dhs_wealth,ae_plus_orthogonal,,5014,172,,,,,GMB
172,0.6612909635785971,0.4384948683019121,0.3254896911554212,0.8041191161800184,loco,xgb,dhs_wealth,ae_plus_amount,,5014,172,,,,,GMB
172,0.23123417532746682,0.2486916612734255,0.19736624617389467,0.5298668080878868,loco,xgb,dhs_sanitation,ae_only,,5014,172,,,,,GMB
172,-0.022249288372775178,0.2867758644702809,0.2156320657840995,0.5620239784260205,loco,xgb,dhs_sanitation,tab_only,,5014,172,,,,,GMB
172,0.2674170226284869,0.2427686485224066,0.187271251451484,0.5567014041673835,loco,xgb,dhs_sanitation,full,,5014,172,,,,,GMB
172,0.196662822308444,0.25422199483519187,0.19636571983438592,0.44827326611241924,loco,xgb,dhs_sanitation,ae_plus_orthogonal,,5014,172,,,,,GMB
172,0.2573843474940579,0.24442534596470952,0.18993768082974954,0.5028718153544627,loco,xgb,dhs_sanitation,ae_plus_amount,,5014,172,,,,,GMB
172,0.22878314395985289,1.9846998894305286,1.5133502178413922,0.5886806781005107,loco,xgb,dhs_women_edu,ae_only,,5014,172,,,,,GMB
172,-0.6283231656088251,2.883878037852145,2.5237791247146073,0.6330249968900175,loco,xgb,dhs_women_edu,tab_only,,5014,172,,,,,GMB
172,0.30187444740659364,1.8883102738962538,1.5818075898081758,0.6109931601548383,loco,xgb,dhs_women_edu,full,,5014,172,,,,,GMB
172,0.34726219091275246,1.8258957327876562,1.5102671190749768,0.6991664951940704,loco,xgb,dhs_women_edu,ae_plus_orthogonal,,5014,172,,,,,GMB
172,0.39587038429773924,1.7565950398064911,1.3743089479069377,0.6229559616790512,loco,xgb,dhs_women_edu,ae_plus_amount,,5014,172,,,,,GMB
172,-1.99500923220669,0.18852216472320954,0.16122742563616052,0.05497631696391625,loco,xgb,dhs_stunting,ae_only,,4960,172,,,,,GMB
172,-4.374105446845052,0.25253200508562634,0.21499932950449197,0.23533959662197726,loco,xgb,dhs_stunting,tab_only,,4960,172,,,,,GMB
172,-3.258873892491395,0.2248074634993,0.19332526029672387,0.2123161035238079,loco,xgb,dhs_stunting,full,,4960,172,,,,,GMB
172,-1.949879219038663,0.18709640917199674,0.15984374071406418,0.20057431079957755,loco,xgb,dhs_stunting,ae_plus_orthogonal,,4960,172,,,,,GMB
172,-3.0961098403835923,0.22046981224621653,0.19122892474149203,0.19037087813888548,loco,xgb,dhs_stunting,ae_plus_amount,,4960,172,,,,,GMB
172,-15.869914227957551,0.17097918542110155,0.1574447463418162,0.03710014107740081,loco,xgb,dhs_mobile,ae_only,,5014,172,,,,,GMB
172,-8.429613194602254,0.12783028157234114,0.1073475694933603,0.05335375951584641,loco,xgb,dhs_mobile,tab_only,,5014,172,,,,,GMB
172,-15.374242084639064,0.16844860156819721,0.1486084866662358,0.10329996446886434,loco,xgb,dhs_mobile,full,,5014,172,,,,,GMB
172,-11.56508013060287,0.14756026880839998,0.13184379457041276,0.10767924521818747,loco,xgb,dhs_mobile,ae_plus_orthogonal,,5014,172,,,,,GMB
172,-15.751841450537984,0.17037979187365201,0.14909582533115565,0.09455833653647065,loco,xgb,dhs_mobile,ae_plus_amount,,5014,172,,,,,GMB
1490,0.3323741418817385,0.683073251105467,0.5409002347699298,0.5828184117709898,loco,xgb,dhs_wealth,ae_only,,3696,1490,,,,,KEN
1490,0.586452810695478,0.5376049279205577,0.42509315638684186,0.8043913314694646,loco,xgb,dhs_wealth,tab_only,,3696,1490,,,,,KEN
1490,0.5712265484916365,0.5474124214490321,0.43472819116541606,0.8066368797974065,loco,xgb,dhs_wealth,full,,3696,1490,,,,,KEN
1490,0.527001072495339,0.5749509319463671,0.45152280011445584,0.8057503965653917,loco,xgb,dhs_wealth,ae_plus_orthogonal,,3696,1490,,,,,KEN
1490,0.5921503159177899,0.533888749752311,0.4202493765760188,0.7950490381269685,loco,xgb,dhs_wealth,ae_plus_amount,,3696,1490,,,,,KEN
1490,0.13720780258277776,0.2883487093230858,0.24080301967993278,0.40731240262789503,loco,xgb,dhs_sanitation,ae_only,,3696,1490,,,,,KEN
1490,0.3488077514081216,0.25050679955166355,0.20233282785637666,0.5951472192924198,loco,xgb,dhs_sanitation,tab_only,,3696,1490,,,,,KEN
1490,0.391793269678372,0.24209761896583945,0.19096846369238907,0.6274802057425957,loco,xgb,dhs_sanitation,full,,3696,1490,,,,,KEN
1490,0.37620924520999,0.24517962373964156,0.19381687593890118,0.6215578260469841,loco,xgb,dhs_sanitation,ae_plus_orthogonal,,3696,1490,,,,,KEN
1490,0.37774746330813647,0.24487714048075745,0.19281784634812166,0.6233489211224178,loco,xgb,dhs_sanitation,ae_plus_amount,,3696,1490,,,,,KEN
1490,0.16310036432638364,2.815077654785966,2.354729051875488,0.514957577518489,loco,xgb,dhs_women_edu,ae_only,,3696,1490,,,,,KEN
1490,0.30629142979124435,2.5629623123191414,2.1574797279857747,0.6238291303098658,loco,xgb,dhs_women_edu,tab_only,,3696,1490,,,,,KEN
1490,0.44036156670233817,2.302011326593745,1.9379491913213627,0.6861940771694209,loco,xgb,dhs_women_edu,full,,3696,1490,,,,,KEN
1490,0.4430658031576481,2.2964428014522666,1.8739873076420301,0.6845760912706632,loco,xgb,dhs_women_edu,ae_plus_orthogonal,,3696,1490,,,,,KEN
1490,0.3774247870002605,2.428005146871313,2.039812800065683,0.6567826732538145,loco,xgb,dhs_women_edu,ae_plus_amount,,3696,1490,,,,,KEN
1489,-0.44411154590185453,0.18149828440978136,0.15042967739207902,0.08390581302145944,loco,xgb,dhs_stunting,ae_only,,3643,1489,,,,,KEN
1489,-0.2794695630685715,0.17083904446437506,0.1403343423643094,0.21194450608804397,loco,xgb,dhs_stunting,tab_only,,3643,1489,,,,,KEN
1489,-0.26746760984047246,0.1700358861200658,0.1403759010323768,0.16832398111874577,loco,xgb,dhs_stunting,full,,3643,1489,,,,,KEN
1489,-0.2758420704463356,0.17059669510979467,0.14018159867699032,0.1455925195593053,loco,xgb,dhs_stunting,ae_plus_orthogonal,,3643,1489,,,,,KEN
1489,-0.2772897300468744,0.17069345313836506,0.1412748701637767,0.15274716118378112,loco,xgb,dhs_stunting,ae_plus_amount,,3643,1489,,,,,KEN
1490,-0.06850721116321257,0.0946756333006559,0.07249359194464332,0.30810563027584825,loco,xgb,dhs_mobile,ae_only,,3696,1490,,,,,KEN
1490,-0.45751677689527503,0.11057482770914816,0.08511840305072349,0.38101216306073454,loco,xgb,dhs_mobile,tab_only,,3696,1490,,,,,KEN
1490,0.00783268562394479,0.09123089763352879,0.0682953830333364,0.34358876390791115,loco,xgb,dhs_mobile,full,,3696,1490,,,,,KEN
1490,-0.013472969492214215,0.09220523417185571,0.07037446128842015,0.3612804552893265,loco,xgb,dhs_mobile,ae_plus_orthogonal,,3696,1490,,,,,KEN
1490,-0.0016306280859330613,0.09166494625452964,0.07092169061203131,0.3264785633942023,loco,xgb,dhs_mobile,ae_plus_amount,,3696,1490,,,,,KEN
1350,0.6409888953568963,0.5290875655769625,0.42785240263954083,0.8190530596846539,loco,xgb,dhs_wealth,ae_only,,3836,1350,,,,,NGA
1350,0.76228554839806,0.4305280048009064,0.3309796357637754,0.8741899922395933,loco,xgb,dhs_wealth,tab_only,,3836,1350,,,,,NGA
1350,0.7565840842412737,0.4356604137522442,0.3349905399015794,0.8697065805431626,loco,xgb,dhs_wealth,full,,3836,1350,,,,,NGA
1350,0.7360492304048096,0.4536647966389567,0.35224888915644476,0.8584309761242972,loco,xgb,dhs_wealth,ae_plus_orthogonal,,3836,1350,,,,,NGA
1350,0.7501498519023329,0.4413807818247496,0.3384483969904896,0.8645131547397281,loco,xgb,dhs_wealth,ae_plus_amount,,3836,1350,,,,,NGA
1350,0.3515336050196338,0.2946255073646305,0.25110268019415716,0.6754123015327004,loco,xgb,dhs_sanitation,ae_only,,3836,1350,,,,,NGA
1350,0.40689316131847897,0.28176890988975395,0.23163335432057028,0.6916257377234155,loco,xgb,dhs_sanitation,tab_only,,3836,1350,,,,,NGA
1350,0.41004589255641355,0.28101902365000553,0.23800412134439858,0.7027504298992864,loco,xgb,dhs_sanitation,full,,3836,1350,,,,,NGA
1350,0.37859404726120793,0.2884126537554734,0.24584196087938767,0.6774887068275235,loco,xgb,dhs_sanitation,ae_plus_orthogonal,,3836,1350,,,,,NGA
1350,0.432786387056622,0.2755496911599164,0.23149853415511273,0.7216194024816937,loco,xgb,dhs_sanitation,ae_plus_amount,,3836,1350,,,,,NGA
1350,0.2853309334753502,3.7991652972673973,3.385703868755588,0.6646279033671587,loco,xgb,dhs_women_edu,ae_only,,3836,1350,,,,,NGA
1350,0.4184853787877081,3.4270150895764195,3.0425784599118764,0.7969658011392357,loco,xgb,dhs_women_edu,tab_only,,3836,1350,,,,,NGA
1350,0.3277992248970034,3.6845563408152353,3.300908160275883,0.8076368820852161,loco,xgb,dhs_women_edu,full,,3836,1350,,,,,NGA
1350,0.3541211528855842,3.6116963309238264,3.2560356412772777,0.7942241675686317,loco,xgb,dhs_women_edu,ae_plus_orthogonal,,3836,1350,,,,,NGA
1350,0.3097363991216433,3.7337323585420497,3.3354784655350227,0.7692226768398677,loco,xgb,dhs_women_edu,ae_plus_amount,,3836,1350,,,,,NGA
1313,-0.044347415172725446,0.2793203295788317,0.22090726634608093,0.44817051188726037,loco,xgb,dhs_stunting,ae_only,,3819,1313,,,,,NGA
1313,-0.11457057033471596,0.28855847458721057,0.23119308099842942,0.2513065353640741,loco,xgb,dhs_stunting,tab_only,,3819,1313,,,,,NGA
1313,-0.039314516054035575,0.27864646913551144,0.22144123759781778,0.4320101759228491,loco,xgb,dhs_stunting,full,,3819,1313,,,,,NGA
1313,-0.020198349197913412,0.27607199647011577,0.2195120582701773,0.4509868949350551,loco,xgb,dhs_stunting,ae_plus_orthogonal,,3819,1313,,,,,NGA
1313,-0.022301862195879263,0.27635646174065426,0.2187112615034495,0.4352772389479837,loco,xgb,dhs_stunting,ae_plus_amount,,3819,1313,,,,,NGA
1350,-0.19715041794212862,0.13038536724403058,0.08878597201572525,0.3327316494639874,loco,xgb,dhs_mobile,ae_only,,3836,1350,,,,,NGA
1350,0.1927662286715911,0.10706663542956371,0.06997239116717267,0.6009210548621448,loco,xgb,dhs_mobile,tab_only,,3836,1350,,,,,NGA
1350,0.1387331172838101,0.11059191234156032,0.07308529266052775,0.520814103306856,loco,xgb,dhs_mobile,full,,3836,1350,,,,,NGA
1350,0.048913478641064656,0.11621562102768136,0.07736283041260861,0.45036042123058356,loco,xgb,dhs_mobile,ae_plus_orthogonal,,3836,1350,,,,,NGA
1350,0.10211885174265711,0.11291819321998925,0.07480947012702624,0.4985088281020029,loco,xgb,dhs_mobile,ae_plus_amount,,3836,1350,,,,,NGA
464,0.3505891218250855,0.586894930155996,0.5034923111510078,0.47173713533395634,loco,xgb,dhs_wealth,ae_only,,4722,464,,,,,SLE
464,0.558106382765913,0.4841271544020399,0.35162873763454566,0.5988703551101895,loco,xgb,dhs_wealth,tab_only,,4722,464,,,,,SLE
464,0.6395481467172899,0.43724435346473567,0.33155984368681074,0.6244245465924461,loco,xgb,dhs_wealth,full,,4722,464,,,,,SLE
464,0.5728570457968227,0.4759783529213031,0.3799064969824595,0.4904353769607219,loco,xgb,dhs_wealth,ae_plus_orthogonal,,4722,464,,,,,SLE
464,0.6515398730282906,0.42990958066283713,0.3233276460388001,0.6477568068191919,loco,xgb,dhs_wealth,ae_plus_amount,,4722,464,,,,,SLE
464,-0.11564993727438377,0.3541910040048288,0.29203044706634407,0.382196334387603,loco,xgb,dhs_sanitation,ae_only,,4722,464,,,,,SLE
464,0.32264823981177426,0.2759819542872404,0.22750045551822104,0.4772347090571741,loco,xgb,dhs_sanitation,tab_only,,4722,464,,,,,SLE
464,0.28615683061784836,0.283318515715748,0.237753225105076,0.46529376275593437,loco,xgb,dhs_sanitation,full,,4722,464,,,,,SLE
464,0.1883024523248642,0.3021138745962438,0.25166704717638166,0.448072388924293,loco,xgb,dhs_sanitation,ae_plus_orthogonal,,4722,464,,,,,SLE
464,0.29114991153333614,0.2823259204670271,0.23533529184501747,0.46165916168128446,loco,xgb,dhs_sanitation,ae_plus_amount,,4722,464,,,,,SLE
464,-5.454403687772827,5.943539530980195,5.5818535524645245,0.4293516028328337,loco,xgb,dhs_women_edu,ae_only,,4722,464,,,,,SLE
464,-2.8401740838584018,4.5845060420269235,4.213210797354836,0.5258127713307036,loco,xgb,dhs_women_edu,tab_only,,4722,464,,,,,SLE
464,-4.017779637309694,5.24050193435098,4.917217490327513,0.538238749117208,loco,xgb,dhs_women_edu,full,,4722,464,,,,,SLE
464,-4.1858625978966915,5.32755075779618,5.00723421608965,0.5215097318326319,loco,xgb,dhs_women_edu,ae_plus_orthogonal,,4722,464,,,,,SLE
464,-4.344272269476283,5.408307559104931,5.067504007594082,0.47388541589593314,loco,xgb,dhs_women_edu,ae_plus_amount,,4722,464,,,,,SLE
454,-0.11494325433045827,0.22770979497103008,0.17488377187647222,0.11157845424243891,loco,xgb,dhs_stunting,ae_only,,4678,454,,,,,SLE
454,-0.19073553530953236,0.2353222474034214,0.18082489005170993,0.12731023177505824,loco,xgb,dhs_stunting,tab_only,,4678,454,,,,,SLE
454,-0.15849729172740168,0.2321148047659812,0.17687634770073293,0.11705585538168481,loco,xgb,dhs_stunting,full,,4678,454,,,,,SLE
454,-0.1474737609069583,0.23100783599776548,0.17779865533540165,0.08538394049141926,loco,xgb,dhs_stunting,ae_plus_orthogonal,,4678,454,,,,,SLE
454,-0.16147423317003984,0.23241284121922787,0.17829901297548006,0.09120554357549521,loco,xgb,dhs_stunting,ae_plus_amount,,4678,454,,,,,SLE
464,-1.015645329824594,0.32864234871050924,0.25706744494302003,0.47350057116077293,loco,xgb,dhs_mobile,ae_only,,4722,464,,,,,SLE
464,-0.7873724519709377,0.30947387823918376,0.23859893471195265,0.43016320275540343,loco,xgb,dhs_mobile,tab_only,,4722,464,,,,,SLE
464,-0.8501538121162981,0.3148620979231176,0.2442745367739478,0.49722783986780805,loco,xgb,dhs_mobile,full,,4722,464,,,,,SLE
464,-0.9769645377059162,0.3254737044351224,0.2534914365327307,0.4380092626246933,loco,xgb,dhs_mobile,ae_plus_orthogonal,,4722,464,,,,,SLE
464,-0.893181594874846,0.31850232301310205,0.2482078337945558,0.5258492416933895,loco,xgb,dhs_mobile,ae_plus_amount,,4722,464,,,,,SLE
596,0.5299017543170794,0.5481909697962094,0.43506812280891355,0.6655693446647823,loco,xgb,dhs_wealth,ae_only,,4590,596,,,,,TZA
596,0.6767957002538725,0.4545442066623157,0.3445743046826947,0.7912863624421811,loco,xgb,dhs_wealth,tab_only,,4590,596,,,,,TZA
596,0.7043483407595952,0.4347381193739464,0.3318244592206373,0.7952154319621343,loco,xgb,dhs_wealth,full,,4590,596,,,,,TZA
596,0.662180966979317,0.4647074331614005,0.358077189196803,0.768765093302506,loco,xgb,dhs_wealth,ae_plus_orthogonal,,4590,596,,,,,TZA
596,0.7256223756441952,0.41880504802684876,0.31818263911438543,0.7953476706186168,loco,xgb,dhs_wealth,ae_plus_amount,,4590,596,,,,,TZA
596,0.3772241707768066,0.272492325061864,0.22264614437500502,0.639544027222632,loco,xgb,dhs_sanitation,ae_only,,4590,596,,,,,TZA
596,0.5206881795592386,0.23905480087020417,0.19166850374899055,0.7210133328743533,loco,xgb,dhs_sanitation,tab_only,,4590,596,,,,,TZA
596,0.5245599446220699,0.23808732970145963,0.1902177689484502,0.7516282101269288,loco,xgb,dhs_sanitation,full,,4590,596,,,,,TZA
596,0.46793242915346167,0.25186730495630993,0.20060661266364108,0.7208344772776305,loco,xgb,dhs_sanitation,ae_plus_orthogonal,,4590,596,,,,,TZA
596,0.5294757205323002,0.2368532887724823,0.18712331860907525,0.7519598884302853,loco,xgb,dhs_sanitation,ae_plus_amount,,4590,596,,,,,TZA
596,0.3264701436207318,1.765611417786463,1.3817008585737856,0.6020777250056158,loco,xgb,dhs_women_edu,ae_only,,4590,596,,,,,TZA
596,0.2976590628370265,1.8029791065892602,1.4276187199874213,0.6444049994274802,loco,xgb,dhs_women_edu,tab_only,,4590,596,,,,,TZA
596,0.36347232863072165,1.7164270364977092,1.3787778523944367,0.6793389821557062,loco,xgb,dhs_women_edu,full,,4590,596,,,,,TZA
596,0.30263406445714147,1.7965820960000158,1.4323916167220814,0.63915794429958,loco,xgb,dhs_women_edu,ae_plus_orthogonal,,4590,596,,,,,TZA
596,0.37631632025017314,1.6990215701434568,1.3421986343076564,0.6985064626347006,loco,xgb,dhs_women_edu,ae_plus_amount,,4590,596,,,,,TZA
592,0.06859704665521371,0.21307263923664316,0.1686438541934901,0.27580501198331553,loco,xgb,dhs_stunting,ae_only,,4540,592,,,,,TZA
592,0.03678119235757449,0.21668126230402923,0.16858702725604982,0.27987142268657694,loco,xgb,dhs_stunting,tab_only,,4540,592,,,,,TZA
592,0.09959550976344544,0.2094969507000356,0.16580748841216839,0.3268384140103859,loco,xgb,dhs_stunting,full,,4540,592,,,,,TZA
592,0.08048766016328257,0.21170819084490852,0.1671848654797351,0.30274092973076355,loco,xgb,dhs_stunting,ae_plus_orthogonal,,4540,592,,,,,TZA
592,0.08795663992995462,0.21084661006427446,0.167122048678229,0.29966433306497114,loco,xgb,dhs_stunting,ae_plus_amount,,4540,592,,,,,TZA
596,0.23931993079496983,0.11809849209600837,0.08906627631427458,0.5561178338285858,loco,xgb,dhs_mobile,ae_only,,4590,596,,,,,TZA
596,0.18337724883192263,0.1223641144184904,0.09183677290910042,0.5364489255180879,loco,xgb,dhs_mobile,tab_only,,4590,596,,,,,TZA
596,0.2740486002066108,0.11537111963666874,0.08661100528384215,0.6153382096836381,loco,xgb,dhs_mobile,full,,4590,596,,,,,TZA
596,0.26246245872919705,0.1162881333775694,0.08723196087267575,0.5891732067384043,loco,xgb,dhs_mobile,ae_plus_orthogonal,,4590,596,,,,,TZA
596,0.26956900838821174,0.1157265295871511,0.0864541291590505,0.6168452857069733,loco,xgb,dhs_mobile,ae_plus_amount,,4590,596,,,,,TZA
512,0.5700032185355446,0.5484593967750657,0.41708388749157166,0.6915888644270494,loco,xgb,dhs_wealth,ae_only,,4674,512,,,,,ZMB
512,0.7169823148963255,0.4449576383011053,0.32227025359952677,0.7367196172508897,loco,xgb,dhs_wealth,tab_only,,4674,512,,,,,ZMB
512,0.7390023425940561,0.4272973347064141,0.30766072786263976,0.7487959517801352,loco,xgb,dhs_wealth,full,,4674,512,,,,,ZMB
512,0.6975139160277438,0.4600071467161827,0.32726117288530077,0.7476273088543276,loco,xgb,dhs_wealth,ae_plus_orthogonal,,4674,512,,,,,ZMB
512,0.7399668682662548,0.42650705802937106,0.3079782496488406,0.7463407376889712,loco,xgb,dhs_wealth,ae_plus_amount,,4674,512,,,,,ZMB
512,0.3839795571653215,0.2548239198085058,0.20500295474630548,0.5761655273759808,loco,xgb,dhs_sanitation,ae_only,,4674,512,,,,,ZMB
512,0.44026264920103575,0.24290405986935923,0.1876939646244864,0.6129789221958414,loco,xgb,dhs_sanitation,tab_only,,4674,512,,,,,ZMB
512,0.45317545703770845,0.24008588552210933,0.1887452818264137,0.6155235252905236,loco,xgb,dhs_sanitation,full,,4674,512,,,,,ZMB
512,0.4520172987661044,0.24033999845844622,0.18691286531247897,0.6121586163345193,loco,xgb,dhs_sanitation,ae_plus_orthogonal,,4674,512,,,,,ZMB
512,0.45529581825634335,0.2396199561335631,0.18859726940718247,0.6187274592849737,loco,xgb,dhs_sanitation,ae_plus_amount,,4674,512,,,,,ZMB
512,0.3502821027311308,1.8123035678162387,1.4203383596614003,0.6489309165726603,loco,xgb,dhs_women_edu,ae_only,,4674,512,,,,,ZMB
512,0.18835008702338618,2.0255963398608596,1.6179328374564648,0.6477413498373602,loco,xgb,dhs_women_edu,tab_only,,4674,512,,,,,ZMB
512,0.43911536338713064,1.6838573715867517,1.3550589228980243,0.685806770106991,loco,xgb,dhs_women_edu,full,,4674,512,,,,,ZMB
512,0.48043293844858226,1.6206503814096478,1.283948739990592,0.6893687647506851,loco,xgb,dhs_women_edu,ae_plus_orthogonal,,4674,512,,,,,ZMB
512,0.5232853791284042,1.5523790258510464,1.2153211189433932,0.7241531534330424,loco,xgb,dhs_women_edu,ae_plus_amount,,4674,512,,,,,ZMB
512,-0.2578129428497613,0.2403861582108588,0.19511037011398003,0.020915203393501582,loco,xgb,dhs_stunting,ae_only,,4620,512,,,,,ZMB
512,-0.007160716867308015,0.21510515392990975,0.17160938648157753,0.24060446395400362,loco,xgb,dhs_stunting,tab_only,,4620,512,,,,,ZMB
512,-0.1426019328774304,0.22911256333887192,0.184726525854785,0.06971164753742815,loco,xgb,dhs_stunting,full,,4620,512,,,,,ZMB
512,-0.16273787018842367,0.2311225582000381,0.18542085820809007,0.04688078050633902,loco,xgb,dhs_stunting,ae_plus_orthogonal,,4620,512,,,,,ZMB
512,-0.2337079660875523,0.23807161144686376,0.1933651949511841,-0.006342944252621907,loco,xgb,dhs_stunting,ae_plus_amount,,4620,512,,,,,ZMB
512,0.24337128632599603,0.1340350401113142,0.10742906131781638,0.5447713223230316,loco,xgb,dhs_mobile,ae_only,,4674,512,,,,,ZMB
512,0.2610503392769534,0.13245988279114285,0.09821718279272318,0.5740462391292169,loco,xgb,dhs_mobile,tab_only,,4674,512,,,,,ZMB
512,0.28611316150345945,0.13019419689339656,0.10185974882915616,0.5675416864334022,loco,xgb,dhs_mobile,full,,4674,512,,,,,ZMB
512,0.267759411294487,0.13185719678815763,0.1046411523129791,0.5750116845624337,loco,xgb,dhs_mobile,ae_plus_orthogonal,,4674,512,,,,,ZMB
512,0.27022681531384873,0.13163485216479284,0.10351675271522254,0.5503215708894655,loco,xgb,dhs_mobile,ae_plus_amount,,4674,512,,,,,ZMB
602,0.5307856680704335,0.5586394402711784,0.44968337320187557,0.7673396633396772,loco,ssl_frozen_z_ridge,dhs_wealth,ssl_full_z,,4584,602,256.0,,,,GHA
602,0.18137180012468013,0.29955512532621814,0.23681122850490566,0.5366669769889083,loco,ssl_frozen_z_ridge,dhs_sanitation,ssl_full_z,,4584,602,256.0,,,,GHA
602,0.007449132184903506,2.70358908192788,2.2120746333535726,0.673187851215116,loco,ssl_frozen_z_ridge,dhs_women_edu,ssl_full_z,,4584,602,256.0,,,,GHA
600,-0.5016395220633534,0.20468478334918636,0.17340774563451608,0.28302500405851905,loco,ssl_frozen_z_ridge,dhs_stunting,ssl_full_z,,4532,600,256.0,,,,GHA
602,-2.4874294815164744,0.13457017653282408,0.10163394884017615,0.44774437278975343,loco,ssl_frozen_z_ridge,dhs_mobile,ssl_full_z,,4584,602,256.0,,,,GHA
172,0.6527837637044562,0.4439674557616337,0.3321613850786762,0.7818514561710095,loco,ssl_frozen_z_ridge,dhs_wealth,ssl_full_z,,5014,172,256.0,,,,GMB
172,0.20533432863947143,0.2528461908574329,0.20356433946899202,0.527782830973991,loco,ssl_frozen_z_ridge,dhs_sanitation,ssl_full_z,,5014,172,256.0,,,,GMB
172,0.14474664698803197,2.0900370345595976,1.6450101842367373,0.6241433979663732,loco,ssl_frozen_z_ridge,dhs_women_edu,ssl_full_z,,5014,172,256.0,,,,GMB
172,-1.765917420791972,0.18116860490996683,0.15384384895523273,0.3049893203882623,loco,ssl_frozen_z_ridge,dhs_stunting,ssl_full_z,,4960,172,256.0,,,,GMB
172,-8.227471079321152,0.12645271339771802,0.11012822112371755,0.052497963129081,loco,ssl_frozen_z_ridge,dhs_mobile,ssl_full_z,,5014,172,256.0,,,,GMB
1490,0.5692251689383188,0.5486885085563391,0.4340790677311584,0.7808132209449721,loco,ssl_frozen_z_ridge,dhs_wealth,ssl_full_z,,3696,1490,256.0,,,,KEN
1490,0.31400434690693046,0.25711391968908165,0.20735038432648917,0.5885649898126103,loco,ssl_frozen_z_ridge,dhs_sanitation,ssl_full_z,,3696,1490,256.0,,,,KEN
1490,0.26010074012991513,2.6469149479381273,2.244846470721516,0.6409170191103173,loco,ssl_frozen_z_ridge,dhs_women_edu,ssl_full_z,,3696,1490,256.0,,,,KEN
1489,-0.7021402291548577,0.19704699773817608,0.16760693486627315,0.14725049929377235,loco,ssl_frozen_z_ridge,dhs_stunting,ssl_full_z,,3643,1489,256.0,,,,KEN
1490,-1.0254095927718119,0.13034846505344772,0.10581509920974706,0.3056877860870782,loco,ssl_frozen_z_ridge,dhs_mobile,ssl_full_z,,3696,1490,256.0,,,,KEN
1350,0.7177055631590172,0.4691641009800192,0.36027954079628993,0.8483572964618604,loco,ssl_frozen_z_ridge,dhs_wealth,ssl_full_z,,3836,1350,256.0,,,,NGA
1350,0.3869226878656198,0.2864733510752284,0.23210638687290527,0.7000123584716,loco,ssl_frozen_z_ridge,dhs_sanitation,ssl_full_z,,3836,1350,256.0,,,,NGA
1350,0.21013057624446263,3.9940486310003505,3.589199447521457,0.6999783621298287,loco,ssl_frozen_z_ridge,dhs_women_edu,ssl_full_z,,3836,1350,256.0,,,,NGA
1313,-0.1259538440201209,0.290028276433174,0.23272463321538256,0.2954573685767224,loco,ssl_frozen_z_ridge,dhs_stunting,ssl_full_z,,3819,1313,256.0,,,,NGA
1350,-0.05517035811263282,0.1224096863308108,0.08366784691258713,0.42574882228395655,loco,ssl_frozen_z_ridge,dhs_mobile,ssl_full_z,,3836,1350,256.0,,,,NGA
464,0.5552585121401848,0.4856846754896796,0.38782705127909894,0.5535948269855875,loco,ssl_frozen_z_ridge,dhs_wealth,ssl_full_z,,4722,464,256.0,,,,SLE
464,0.34507398385644994,0.27137489916633695,0.22609954985693612,0.5304835601581642,loco,ssl_frozen_z_ridge,dhs_sanitation,ssl_full_z,,4722,464,256.0,,,,SLE
464,-3.777194682089596,5.113326957106483,4.733481733289001,0.4359715434746054,loco,ssl_frozen_z_ridge,dhs_women_edu,ssl_full_z,,4722,464,256.0,,,,SLE
454,-0.15929873312118215,0.2321950786915721,0.17725921475578774,0.10662410633874354,loco,ssl_frozen_z_ridge,dhs_stunting,ssl_full_z,,4678,454,256.0,,,,SLE
464,-1.0273356761820458,0.32959400133885686,0.25881016439083837,0.28102117440976143,loco,ssl_frozen_z_ridge,dhs_mobile,ssl_full_z,,4722,464,256.0,,,,SLE
596,0.6500349261643991,0.4729877730591228,0.3778585121045617,0.7588647087447841,loco,ssl_frozen_z_ridge,dhs_wealth,ssl_full_z,,4590,596,256.0,,,,TZA
596,0.4860360109805738,0.24754533463639058,0.1995628474767776,0.712386719368936,loco,ssl_frozen_z_ridge,dhs_sanitation,ssl_full_z,,4590,596,256.0,,,,TZA
596,-0.08208623642538959,2.2379358797905957,1.7599277228317005,0.5112989100027737,loco,ssl_frozen_z_ridge,dhs_women_edu,ssl_full_z,,4590,596,256.0,,,,TZA
592,0.023413568895764292,0.21817964103648343,0.16882488554079286,0.2512548520144994,loco,ssl_frozen_z_ridge,dhs_stunting,ssl_full_z,,4540,592,256.0,,,,TZA
596,0.06956811128575313,0.13061276613778675,0.09787653656613907,0.49022261157008407,loco,ssl_frozen_z_ridge,dhs_mobile,ssl_full_z,,4590,596,256.0,,,,TZA
512,0.7068227947274762,0.452873573969476,0.31577920427116624,0.7601479977054508,loco,ssl_frozen_z_ridge,dhs_wealth,ssl_full_z,,4674,512,256.0,,,,ZMB
512,0.4513430342694207,0.24048781599811436,0.19248736401641509,0.6194018634167628,loco,ssl_frozen_z_ridge,dhs_sanitation,ssl_full_z,,4674,512,256.0,,,,ZMB
512,0.42670500509001374,1.7023843003198573,1.3768921843729913,0.652506367044514,loco,ssl_frozen_z_ridge,dhs_women_edu,ssl_full_z,,4674,512,256.0,,,,ZMB
512,0.01879702401129557,0.21231508673701832,0.16798003711301135,0.29000233424979266,loco,ssl_frozen_z_ridge,dhs_stunting,ssl_full_z,,4620,512,256.0,,,,ZMB
512,0.35383889468181773,0.12386464028937669,0.09480777219869196,0.6476544173877888,loco,ssl_frozen_z_ridge,dhs_mobile,ssl_full_z,,4674,512,256.0,,,,ZMB
